<?xml version="1.0" encoding="UTF-8" standalone="no" ?>
<!-- Supplementary information generated for static analysis (Main.cpp::output). -->
<information>
	<!-- Header filename (Multicore.cpp::toXml). -->
	<filename elf="FlyByWire.4" />
	<architecture model="x86" />
	<!-- Allocation of threads for each core (Multicore.cpp::toXml). -->
	<allocations>
		<core id="0">
			<thread id="main" />
			<thread id="servo" />
			<thread id="servo0" />
		</core>
		<core id="1">
			<thread id="failsafe" />
			<thread id="servo1" />
		</core>
		<core id="2">
			<thread id="servo2" />
			<thread id="timer" />
		</core>
		<core id="3">
			<thread id="flight" />
			<thread id="servo3" />
		</core>
	</allocations>
	<!-- Aborts around each par(...) (Abort.cpp::outputXml). -->
	<aborts>
		<par id="0">
			<abort id="abortWeak0" variant="weak" />
		</par>
		<par id="1">
			<abort id="abortStrong2" variant="strong" />
		</par>
	</aborts>
	<!-- Nested thread structure (Tarot.cpp::outputXml). -->
	<tarot>
		<thread id="main">
			<par id="0">
				<thread id="servo">
					<par id="1">
						<thread id="servo0"></thread>
						<thread id="servo1"></thread>
						<thread id="servo2"></thread>
						<thread id="servo3"></thread>
					</par>
				</thread>
				<thread id="timer"></thread>
				<thread id="flight"></thread>
				<thread id="failsafe"></thread>
			</par>
		</thread>
	</tarot>
	<!-- Index of each par(...) in the par handlers of each core (Tarot.cpp::outputXml). -->
	<parIndexes>
		<core id="0">
			<threadScope id="main">
				<par id="0" handlers="5" />
			</threadScope>
			<threadScope id="servo">
				<par id="1" handlers="4" />
			</threadScope>
		</core>
		<core id="1">
			<threadScope id="main">
				<par id="0" handlers="5" />
			</threadScope>
			<threadScope id="servo">
				<par id="1" handlers="4" />
			</threadScope>
		</core>
		<core id="2">
			<threadScope id="main">
				<par id="0" handlers="5" />
			</threadScope>
			<threadScope id="servo">
				<par id="1" handlers="4" />
			</threadScope>
		</core>
		<core id="3">
			<threadScope id="main">
				<par id="0" handlers="5" />
			</threadScope>
			<threadScope id="servo">
				<par id="1" handlers="4" />
			</threadScope>
		</core>
	</parIndexes>
	<!-- Cores involved in executing each par(...) (Tarot.cpp::outputXml). -->
	<allocatedParCores>
		<par id="0">
			<core id="0" />
			<core id="1" />
			<core id="2" />
			<core id="3" />
		</par>
		<par id="1">
			<core id="0" />
			<core id="1" />
			<core id="2" />
			<core id="3" />
		</par>
	</allocatedParCores>
	<!-- Cores involved in executing all the par(...)s in each thread (Tarot.cpp::outputXml). -->
	<activeParCores>
		<thread id="main">
			<core id="0" />
			<core id="1" />
			<core id="2" />
			<core id="3" />
		</thread>
		<thread id="servo">
			<core id="0" />
			<core id="1" />
			<core id="2" />
			<core id="3" />
		</thread>
	</activeParCores>
	<!-- Shared variables (SymbolTable.cpp::outputXml). -->
	<shared>
	</shared>
</information>
